num_games,accuracy
1,0.005322294500295683
2,0.007152042305413879
4,0.00927616894222686
8,0.013657853265627736
16,0.020702709097361882
