num_games,accuracy
1,0.05579916684937514
2,0.06811689738519007
4,0.08245149911816578
8,0.11002661934338953
16,0.1223021582733813
